feature,data_type,missing_count,missing_rate,unique_non_missing,pearson_target_correlation,absolute_correlation,decision,reason
EXT_SOURCE_MEAN,float64,144,0.0005853468179896589,241053,-0.22202095427194588,0.22202095427194588,Keep,Retain for cross-validated model-based feature selection
APP_EXT_2_3_MEAN,float64,192,0.0007804624239862118,234594,-0.21089193720295457,0.21089193720295457,Keep,Retain for cross-validated model-based feature selection
APP_EXT_MEAN_SQUARED,float64,144,0.0005853468179896589,241053,-0.20402101404624332,0.20402101404624332,Keep,Retain for cross-validated model-based feature selection
APP_EXT_2_3_PRODUCT,float64,49237,0.20014389775942246,195594,-0.199677765706148,0.199677765706148,Keep,Retain for cross-validated model-based feature selection
APP_EXT_2_3_MAX,float64,192,0.0007804624239862118,77505,-0.19074165143215385,0.19074165143215385,Keep,Retain for cross-validated model-based feature selection
APP_EXT_2_3_MIN,float64,192,0.0007804624239862118,87804,-0.18552479278401318,0.18552479278401318,Keep,Retain for cross-validated model-based feature selection
EXT_SOURCE_3,float64,48877,0.1986805307144483,805,-0.17936819691631123,0.17936819691631123,Keep,Retain for cross-validated model-based feature selection
EXT_SOURCE_2,float64,552,0.002243829468960359,108842,-0.15959101388082503,0.15959101388082503,Keep,Retain for cross-validated model-based feature selection
BUREAU_DAYS_CREDIT_MEAN,float64,0,0.0,57673,0.08457941409309673,0.08457941409309673,Keep,Retain for cross-validated model-based feature selection
BUREAU_CREDIT_AGE_YEARS_MEAN,float64,0,0.0,68519,-0.08457941409309667,0.08457941409309667,Keep,Retain for cross-validated model-based feature selection
BUREAU_DEBT_ABOVE_CREDIT_COUNT,float64,0,0.0,8,0.08115164415846737,0.08115164415846737,Keep,Retain for cross-validated model-based feature selection
INST_RECENT_12M_LATE_RATE,float32,59471,0.24174417092127085,549,0.0803110781663055,0.0803110781663055,Keep,Retain for cross-validated model-based feature selection
APP_AGE_YEARS,float64,0,0.0,17411,-0.07926959616978183,0.07926959616978183,Keep,Retain for cross-validated model-based feature selection
DAYS_BIRTH,int64,0,0.0,17411,0.07926959616978135,0.07926959616978135,Keep,Retain for cross-validated model-based feature selection
PREV_REFUSED_RATE,float64,0,0.0,368,0.07734697765647239,0.07734697765647239,Keep,Retain for cross-validated model-based feature selection
INST_RECENT_12M_LATE_COUNT,float32,59448,0.24165067802673085,41,0.077023105374982,0.077023105374982,Keep,Retain for cross-validated model-based feature selection
BUREAU_CLOSED_RATE,float64,0,0.0,285,-0.07669620733907119,0.07669620733907119,Keep,Retain for cross-validated model-based feature selection
APP_EMPLOYMENT_YEARS,float64,44283,0.1800063412571949,12059,-0.07587425709640559,0.07587425709640559,Keep,Retain for cross-validated model-based feature selection
DAYS_EMPLOYED,float64,44283,0.1800063412571949,12059,0.07587425709640551,0.07587425709640551,Keep,Retain for cross-validated model-based feature selection
CC_RECENT_12M_UTILIZATION_MEAN,float64,0,0.0,30102,0.07420834065638872,0.07420834065638872,Keep,Retain for cross-validated model-based feature selection
BUREAU_DAYS_CREDIT_MIN,float64,0,0.0,2922,0.07358265544817044,0.07358265544817044,Keep,Retain for cross-validated model-based feature selection
INST_LATE_RATE,float32,7,2.845435920783064e-05,4362,0.07187744809924367,0.07187744809924367,Keep,Retain for cross-validated model-based feature selection
INST_RECENT_12M_DAYS_LATE_MAX,float64,59471,0.24174417092127085,181,0.0717170516500944,0.0717170516500944,Keep,Retain for cross-validated model-based feature selection
BUREAU_RECENT_CREDIT_COUNT,float64,0,0.0,31,0.07082816588740343,0.07082816588740343,Keep,Retain for cross-validated model-based feature selection
CC_RECENT_12M_UTILIZATION_MAX,float64,0,0.0,29657,0.07047742668437997,0.07047742668437997,Keep,Retain for cross-validated model-based feature selection
APP_EMPLOYED_AGE_RATIO,float64,44283,0.1800063412571949,199947,-0.06893484425264336,0.06893484425264336,Keep,Retain for cross-validated model-based feature selection
BUREAU_TOTAL_DEBT_CREDIT_RATIO,float64,871,0.003540535267145784,147978,0.06684438031784096,0.06684438031784096,Keep,Retain for cross-validated model-based feature selection
APP_GOODS_CREDIT_RATIO,float64,220,0.0008942798608175344,2852,-0.06496808466713368,0.06496808466713368,Keep,Retain for cross-validated model-based feature selection
PREV_REFUSED_COUNT,float64,0,0.0,45,0.063541257714308,0.063541257714308,Keep,Retain for cross-validated model-based feature selection
CC_UTILIZATION_MEAN,float64,0,0.0,47299,0.06249393635401517,0.06249393635401517,Keep,Retain for cross-validated model-based feature selection
INST_SPLIT_PAYMENT_RATE,float64,0,0.0,3267,0.06094315439845927,0.06094315439845927,Keep,Retain for cross-validated model-based feature selection
REGION_RATING_CLIENT_W_CITY,int64,0,0.0,3,0.05987916166433224,0.05987916166433224,Keep,Retain for cross-validated model-based feature selection
APP_REGION_RATING_MEAN,float64,0,0.0,5,0.05977650792732956,0.05977650792732956,Keep,Retain for cross-validated model-based feature selection
REGION_RATING_CLIENT,int64,0,0.0,3,0.05821782717912109,0.05821782717912109,Keep,Retain for cross-validated model-based feature selection
DAYS_LAST_PHONE_CHANGE,float64,1,4.0649084582615195e-06,3739,0.05550252594142843,0.05550252594142843,Keep,Retain for cross-validated model-based feature selection
APP_PHONE_CHANGE_YEARS,float64,1,4.0649084582615195e-06,3739,-0.05550252594142837,0.05550252594142837,Keep,Retain for cross-validated model-based feature selection
APP_EXT_2_3_GAP,float64,49237,0.20014389775942246,195594,0.05450829934812263,0.05450829934812263,Keep,Retain for cross-validated model-based feature selection
BUREAU_DAYS_CREDIT_MAX,float64,0,0.0,2922,0.05297133536861663,0.05297133536861663,Keep,Retain for cross-validated model-based feature selection
REG_CITY_NOT_WORK_CITY,int64,0,0.0,2,0.05097783101407823,0.05097783101407823,Keep,Retain for cross-validated model-based feature selection
APP_ID_PUBLISH_YEARS,float64,0,0.0,6139,-0.0501954849452726,0.0501954849452726,Keep,Retain for cross-validated model-based feature selection
DAYS_ID_PUBLISH,int64,0,0.0,6139,0.050195484945272574,0.050195484945272574,Keep,Retain for cross-validated model-based feature selection
BUREAU_ACTIVE_RATE,float64,0,0.0,279,0.048514226415410394,0.048514226415410394,Keep,Retain for cross-validated model-based feature selection
APP_ADDRESS_MISMATCH_COUNT,int64,0,0.0,5,0.048420826720992516,0.048420826720992516,Keep,Retain for cross-validated model-based feature selection
CC_RECENT_12M_BALANCE_MEAN,float64,0,0.0,30331,0.04790150837165742,0.04790150837165742,Keep,Retain for cross-validated model-based feature selection
CC_BALANCE_MEAN,float64,0,0.0,47559,0.047803650608252445,0.047803650608252445,Keep,Retain for cross-validated model-based feature selection
PREV_RECORD_MISSING_RATE_MEAN,float64,0,0.0,1373,0.04768153368011958,0.04768153368011958,Keep,Retain for cross-validated model-based feature selection
DAYS_EMPLOYED_ANOMALY,int8,0,0.0,2,-0.046797775119581,0.046797775119581,Keep,Retain for cross-validated model-based feature selection
FLAG_EMP_PHONE,int64,0,0.0,2,0.046788890950214324,0.046788890950214324,Keep,Retain for cross-validated model-based feature selection
APPLICATION_MISSING_RATE,float64,0,0.0,20,0.046421295163162395,0.046421295163162395,Keep,Retain for cross-validated model-based feature selection
APPLICATION_MISSING_COUNT,int16,0,0.0,20,0.04642129516316233,0.04642129516316233,Keep,Retain for cross-validated model-based feature selection
POS_OLDEST_MONTH,float64,0,0.0,97,0.046071110352892,0.046071110352892,Keep,Retain for cross-validated model-based feature selection
FLAG_DOCUMENT_3,int64,0,0.0,2,0.045372677803442264,0.045372677803442264,Keep,Retain for cross-validated model-based feature selection
REG_CITY_NOT_LIVE_CITY,int64,0,0.0,2,0.0435520176581596,0.0435520176581596,Keep,Retain for cross-validated model-based feature selection
PREV_YIELD_GROUP_RATE_XNA,float64,0,0.0,384,0.04344524101018884,0.04344524101018884,Keep,Retain for cross-validated model-based feature selection
PREV_DAYS_DECISION_MIN,float64,0,0.0,2922,0.043192578474167055,0.043192578474167055,Keep,Retain for cross-validated model-based feature selection
PREV_CREDIT_APPLICATION_RATIO_MAX,float64,822,0.0033413547526909694,86036,0.043184851110788895,0.043184851110788895,Keep,Retain for cross-validated model-based feature selection
DAYS_REGISTRATION,float64,0,0.0,15414,0.0430904446750457,0.0430904446750457,Keep,Retain for cross-validated model-based feature selection
APP_REGISTRATION_YEARS,float64,0,0.0,15414,-0.04309044467504557,0.04309044467504557,Keep,Retain for cross-validated model-based feature selection
CC_UTILIZATION_MAX,float64,0,0.0,45200,0.042523373171763,0.042523373171763,Keep,Retain for cross-validated model-based feature selection
BUREAU_ACTIVE_COUNT,float64,0,0.0,23,0.042353559499885535,0.042353559499885535,Keep,Retain for cross-validated model-based feature selection
PREV_CREDIT_APPLICATION_RATIO_MEAN,float64,822,0.0033413547526909694,195864,0.04229213488497688,0.04229213488497688,Keep,Retain for cross-validated model-based feature selection
PREV_YIELD_GROUP_RATE_HIGH,float64,0,0.0,312,0.04160226545210755,0.04160226545210755,Keep,Retain for cross-validated model-based feature selection
PREV_APPROVED_RATE,float64,0,0.0,349,-0.04137374344599717,0.04137374344599717,Keep,Retain for cross-validated model-based feature selection
FLOORSMAX_AVG,float64,122513,0.4980041299469936,381,-0.041370947776681155,0.041370947776681155,Keep,Retain for cross-validated model-based feature selection
FLOORSMAX_MEDI,float64,122513,0.4980041299469936,49,-0.041116826094621486,0.041116826094621486,Keep,Retain for cross-validated model-based feature selection
CC_MINIMUM_PAYMENT_MEAN,float64,0,0.0,45925,0.040822570137289405,0.040822570137289405,Keep,Retain for cross-validated model-based feature selection
FLOORSMAX_MODE,float64,122513,0.4980041299469936,25,-0.04049672414033709,0.04049672414033709,Keep,Retain for cross-validated model-based feature selection
AMT_GOODS_PRICE,float64,220,0.0008942798608175344,913,-0.0399061760245743,0.0399061760245743,Keep,Retain for cross-validated model-based feature selection
BUREAU_CREDIT_TYPE_RATE_MICROLOAN,float64,0,0.0,179,0.039217302455799886,0.039217302455799886,Keep,Retain for cross-validated model-based feature selection
BUREAU_CREDIT_TYPE_RATE_CONSUMER_CREDIT,float64,0,0.0,306,-0.039216269565775216,0.039216269565775216,Keep,Retain for cross-validated model-based feature selection
PREV_CONTRACT_TYPE_RATE_REVOLVING_LOANS,float64,0,0.0,265,0.038840451333152226,0.038840451333152226,Keep,Retain for cross-validated model-based feature selection
CC_PAYMENT_BELOW_MINIMUM_RATE,float64,0,0.0,768,0.03882189518198421,0.03882189518198421,Keep,Retain for cross-validated model-based feature selection
PREV_DAYS_DECISION_MEAN,float64,0,0.0,53708,0.038387340332896994,0.038387340332896994,Keep,Retain for cross-validated model-based feature selection
BUREAU_OVERDUE_ACCOUNT_COUNT,float64,0,0.0,8,0.03763423159873412,0.03763423159873412,Keep,Retain for cross-validated model-based feature selection
PREV_RECENT_APPLICATION_COUNT,float64,0,0.0,53,0.037520071427832084,0.037520071427832084,Keep,Retain for cross-validated model-based feature selection
CC_BALANCE_MAX,float64,0,0.0,45597,0.03745672496080164,0.03745672496080164,Keep,Retain for cross-validated model-based feature selection
BUREAU_CLOSED_COUNT,float64,0,0.0,53,-0.037315085926289515,0.037315085926289515,Keep,Retain for cross-validated model-based feature selection
REGION_POPULATION_RELATIVE,float64,0,0.0,81,-0.037124822265195506,0.037124822265195506,Keep,Retain for cross-validated model-based feature selection
INST_RECENT_12M_UNDERPAID_COUNT,float32,59448,0.24165067802673085,9,0.03669338790898771,0.03669338790898771,Keep,Retain for cross-validated model-based feature selection
PREV_YIELD_GROUP_RATE_LOW_NORMAL,float64,0,0.0,308,-0.03658877799243668,0.03658877799243668,Keep,Retain for cross-validated model-based feature selection
POS_FUTURE_INSTALLMENTS_MEAN,float64,0,0.0,66712,0.03567034536665804,0.03567034536665804,Keep,Retain for cross-validated model-based feature selection
CC_DRAWING_MEAN,float64,0,0.0,39684,0.035508560664913716,0.035508560664913716,Keep,Retain for cross-validated model-based feature selection
PREV_APPROVED_ANNUITY_MEAN,float64,817,0.0033210302103996617,213006,-0.03458602317742045,0.03458602317742045,Keep,Retain for cross-validated model-based feature selection
APP_SOCIAL_DEF_TOTAL,float64,798,0.0032437969496926927,15,0.03436070106468794,0.03436070106468794,Keep,Retain for cross-validated model-based feature selection
POS_DELINQUENT_MONTH_RATE,float64,0,0.0,6133,0.03427660973101146,0.03427660973101146,Keep,Retain for cross-validated model-based feature selection
APP_CREDIT_GOODS_DIFFERENCE,float64,220,0.0008942798608175344,2722,0.03427487197825051,0.03427487197825051,Keep,Retain for cross-validated model-based feature selection
DEF_30_CNT_SOCIAL_CIRCLE,float64,798,0.0032437969496926927,10,0.03367154042331497,0.03367154042331497,Keep,Retain for cross-validated model-based feature selection
POS_PREVIOUS_LOAN_COUNT,float64,0,0.0,25,-0.03367082827990978,0.03367082827990978,Keep,Retain for cross-validated model-based feature selection
CC_DRAWING_INFO_AVAILABLE_RATE,float64,0,0.0,843,0.03345264266085236,0.03345264266085236,Keep,Retain for cross-validated model-based feature selection
LIVE_CITY_NOT_WORK_CITY,int64,0,0.0,2,0.032773398221876256,0.032773398221876256,Keep,Retain for cross-validated model-based feature selection
DEF_60_CNT_SOCIAL_CIRCLE,float64,798,0.0032437969496926927,9,0.032543388241792925,0.032543388241792925,Keep,Retain for cross-validated model-based feature selection
INST_SEVERELY_LATE_RATE,float32,7,2.845435920783064e-05,857,0.03230989827567674,0.03230989827567674,Keep,Retain for cross-validated model-based feature selection
POS_RECENT_12M_DELINQUENT_COUNT,float64,0,0.0,20,0.03188175640076478,0.03188175640076478,Keep,Retain for cross-validated model-based feature selection
APP_CREDIT_ANNUITY_RATIO,float64,10,4.06490845826152e-05,35703,-0.03184937666099052,0.03184937666099052,Keep,Retain for cross-validated model-based feature selection
PREV_PAYMENT_TERM_MAX,float64,333,0.001353614516601086,42,0.031818972808836825,0.031818972808836825,Keep,Retain for cross-validated model-based feature selection
INST_LATE_COUNT,float32,0,0.0,91,0.03151313595612556,0.03151313595612556,Keep,Retain for cross-validated model-based feature selection
PREV_PAYMENT_TERM_MEAN,float64,333,0.001353614516601086,2631,0.03148526556544337,0.03148526556544337,Keep,Retain for cross-validated model-based feature selection
BUREAU_HISTORY_AVAILABLE,int8,0,0.0,2,-0.03133533707325985,0.03133533707325985,Keep,Retain for cross-validated model-based feature selection
TOTALAREA_MODE,float64,118847,0.48310217553900686,5000,-0.031244970443690786,0.031244970443690786,Keep,Retain for cross-validated model-based feature selection
APP_SOCIAL_DEFAULT_RATIO,float64,798,0.0032437969496926927,129,0.031055634582930647,0.031055634582930647,Keep,Retain for cross-validated model-based feature selection
BUREAU_DELINQUENT_RATE_MEAN,float64,0,0.0,12122,0.031008245670130677,0.031008245670130677,Keep,Retain for cross-validated model-based feature selection
AMT_CREDIT,float64,0,0.0,5269,-0.030590532956507595,0.030590532956507595,Keep,Retain for cross-validated model-based feature selection
POS_RECENT_12M_DELINQUENT_RATE,float64,0,0.0,409,0.030533858926561536,0.030533858926561536,Keep,Retain for cross-validated model-based feature selection
POS_MONTH_COUNT,float64,0,0.0,222,-0.030506317725193684,0.030506317725193684,Keep,Retain for cross-validated model-based feature selection
FINAL_MISSING_COUNT,int16,0,0.0,39,0.030284099116855635,0.030284099116855635,Keep,Retain for cross-validated model-based feature selection
FINAL_MISSING_RATE,float64,0,0.0,39,0.03028409911685545,0.03028409911685545,Keep,Retain for cross-validated model-based feature selection
FLAG_DOCUMENT_6,int64,0,0.0,2,-0.030012480183699328,0.030012480183699328,Keep,Retain for cross-validated model-based feature selection
FLAG_WORK_PHONE,int64,0,0.0,2,0.02912777021236494,0.02912777021236494,Keep,Retain for cross-validated model-based feature selection
INST_SPLIT_PAYMENT_COUNT,float64,0,0.0,64,0.028905627201717063,0.028905627201717063,Keep,Retain for cross-validated model-based feature selection
POS_TOTAL_INSTALLMENTS_MEAN,float64,0,0.0,44505,0.028513064444476276,0.028513064444476276,Keep,Retain for cross-validated model-based feature selection
EXT_SOURCE_COUNT,int8,0,0.0,4,-0.02836482091006938,0.02836482091006938,Keep,Retain for cross-validated model-based feature selection
BUREAU_RECENT_12M_DELINQUENT_RATE_MAX,float64,0,0.0,59,0.02835383542520901,0.02835383542520901,Keep,Retain for cross-validated model-based feature selection
CC_PAYMENT_INFO_AVAILABLE_RATE,float64,0,0.0,564,0.028002787343803022,0.028002787343803022,Keep,Retain for cross-validated model-based feature selection
BUREAU_OVERDUE_ACCOUNT_RATE,float64,0,0.0,62,0.027764691302733988,0.027764691302733988,Keep,Retain for cross-validated model-based feature selection
PREV_YIELD_GROUP_RATE_LOW_ACTION,float64,0,0.0,219,-0.02754782296628493,0.02754782296628493,Keep,Retain for cross-validated model-based feature selection
INST_UNDERPAID_COUNT,float32,0,0.0,9,0.027480038721899174,0.027480038721899174,Keep,Retain for cross-validated model-based feature selection
INST_RECENT_12M_COUNT,float64,59448,0.24165067802673085,89,0.027200315947279976,0.027200315947279976,Keep,Retain for cross-validated model-based feature selection
PREV_CREDIT_ABOVE_APPLICATION_RATE,float64,0,0.0,380,0.02589132360832383,0.02589132360832383,Keep,Retain for cross-validated model-based feature selection
POS_RECENT_12M_COMPLETION_RATIO_MEAN,float64,0,0.0,21674,0.02588536658933269,0.02588536658933269,Keep,Retain for cross-validated model-based feature selection
INST_PREVIOUS_LOAN_COUNT,float64,0,0.0,26,-0.025674960241604365,0.025674960241604365,Keep,Retain for cross-validated model-based feature selection
PREV_ANNUITY_MEAN,float64,335,0.0013617443335176092,217604,-0.025278580829411083,0.025278580829411083,Keep,Retain for cross-validated model-based feature selection
PREV_ESTIMATED_INTEREST_MEAN,float64,335,0.0013617443335176092,223533,0.02488155140358711,0.02488155140358711,Keep,Retain for cross-validated model-based feature selection
PREV_CLIENT_TYPE_RATE_NEW,float64,0,0.0,155,0.02487543260023769,0.02487543260023769,Keep,Retain for cross-validated model-based feature selection
INST_OVERPAID_COUNT,float32,0,0.0,34,-0.024846368330717843,0.024846368330717843,Keep,Retain for cross-validated model-based feature selection
CC_RECORD_MISSING_RATE_MEAN,float64,0,0.0,3155,-0.02465970104685955,0.02465970104685955,Keep,Retain for cross-validated model-based feature selection
CC_ATM_DRAWING_TOTAL,float64,0,0.0,4580,0.024235537271774688,0.024235537271774688,Keep,Retain for cross-validated model-based feature selection
PREV_APPROVED_COUNT,float64,0,0.0,26,-0.0239810029813003,0.0239810029813003,Keep,Retain for cross-validated model-based feature selection
PREV_CLIENT_TYPE_RATE_REFRESHED,float64,0,0.0,160,-0.023761242636415943,0.023761242636415943,Keep,Retain for cross-validated model-based feature selection
INST_OVERPAID_RATE,float32,7,2.845435920783064e-05,1183,-0.023704990667047704,0.023704990667047704,Keep,Retain for cross-validated model-based feature selection
PREV_ZERO_APPLICATION_RATE,float64,0,0.0,365,0.02358005950413808,0.02358005950413808,Keep,Retain for cross-validated model-based feature selection
HOUR_APPR_PROCESS_START,int64,0,0.0,24,-0.023499728160722298,0.023499728160722298,Keep,Retain for cross-validated model-based feature selection
INST_DAYS_EARLY_MEAN,float64,7,2.845435920783064e-05,48687,-0.023401564051777426,0.023401564051777426,Keep,Retain for cross-validated model-based feature selection
INST_PAYMENT_DIFFERENCE_MAX,float64,7,2.845435920783064e-05,1903,0.023200199069100057,0.023200199069100057,Keep,Retain for cross-validated model-based feature selection
FLAG_PHONE,int64,0,0.0,2,-0.023144587616372538,0.023144587616372538,Keep,Retain for cross-validated model-based feature selection
PREV_APPROVED_CREDIT_MAX,float64,815,0.0033129003934831386,53540,-0.022793030681739136,0.022793030681739136,Keep,Retain for cross-validated model-based feature selection
PREV_APPLICATION_COUNT,float64,0,0.0,65,0.022728840949089755,0.022728840949089755,Keep,Retain for cross-validated model-based feature selection
PREV_CONTRACT_TYPE_RATE_CONSUMER_LOANS,float64,0,0.0,346,-0.02270786935859046,0.02270786935859046,Keep,Retain for cross-validated model-based feature selection
PREV_APPROVED_CREDIT_TOTAL,float64,815,0.0033129003934831386,148423,-0.022519904151420616,0.022519904151420616,Keep,Retain for cross-validated model-based feature selection
INST_RECENT_12M_UNDERPAID_RATE,float32,59471,0.24174417092127085,73,0.022197355110368716,0.022197355110368716,Keep,Retain for cross-validated model-based feature selection
BUREAU_CREDIT_SUM_MAX,float64,1,4.0649084582615195e-06,54807,-0.02217953708873791,0.02217953708873791,Keep,Retain for cross-validated model-based feature selection
APP_CONTACT_COUNT,int64,0,0.0,6,0.02185169343623369,0.02185169343623369,Keep,Retain for cross-validated model-based feature selection
BUREAU_RECENT_12M_DELINQUENT_COUNT,float64,0,0.0,58,0.021821587860051003,0.021821587860051003,Keep,Retain for cross-validated model-based feature selection
INST_INSTALLMENT_COUNT,float64,0,0.0,304,-0.021566696457563952,0.021566696457563952,Keep,Retain for cross-validated model-based feature selection
PREV_ANNUITY_MAX,float64,335,0.0013617443335176092,122727,-0.021379267658291463,0.021379267658291463,Keep,Retain for cross-validated model-based feature selection
BUREAU_CREDIT_SUM_MEAN,float64,1,4.0649084582615195e-06,170062,-0.021284534414739785,0.021284534414739785,Keep,Retain for cross-validated model-based feature selection
APP_CHILDREN_FAMILY_RATIO,float64,1,4.0649084582615195e-06,17,0.0209888430583545,0.0209888430583545,Keep,Retain for cross-validated model-based feature selection
INST_PAID_AMOUNT_TOTAL,float64,0,0.0,230664,-0.020865921426130998,0.020865921426130998,Keep,Retain for cross-validated model-based feature selection
BUREAU_CREDIT_TYPE_RATE_MORTGAGE,float64,0,0.0,73,-0.020804186090629225,0.020804186090629225,Keep,Retain for cross-validated model-based feature selection
INST_SEVERELY_LATE_COUNT,float32,0,0.0,38,0.020654687082271944,0.020654687082271944,Keep,Retain for cross-validated model-based feature selection
POS_LATEST_FUTURE_INSTALLMENTS,float64,0,0.0,748,0.02051864193869367,0.02051864193869367,Keep,Retain for cross-validated model-based feature selection
PREV_CANCELED_COUNT,float64,0,0.0,39,0.020500710991396946,0.020500710991396946,Keep,Retain for cross-validated model-based feature selection
APP_HAS_CHILDREN,int8,0,0.0,2,0.0204517501063509,0.0204517501063509,Keep,Retain for cross-validated model-based feature selection
BUREAU_CREDIT_TYPE_RATE_CAR_LOAN,float64,0,0.0,96,-0.020433249138213105,0.020433249138213105,Keep,Retain for cross-validated model-based feature selection
APP_HAS_RECENT_ENQUIRY,int8,0,0.0,2,-0.020356008998419387,0.020356008998419387,Keep,Retain for cross-validated model-based feature selection
PREV_APPROVED_CREDIT_MEAN,float64,815,0.0033129003934831386,156280,-0.019892480016520105,0.019892480016520105,Keep,Retain for cross-validated model-based feature selection
POS_FUTURE_INSTALLMENTS_MIN,float64,0,0.0,61,0.019540154306937167,0.019540154306937167,Keep,Retain for cross-validated model-based feature selection
BUREAU_CREDIT_TYPE_RATE_CREDIT_CARD,float64,0,0.0,281,0.01950571951644967,0.01950571951644967,Keep,Retain for cross-validated model-based feature selection
CC_PAYMENT_CURRENT_MEAN,float64,0,0.0,45626,0.019408300759597208,0.019408300759597208,Keep,Retain for cross-validated model-based feature selection
INST_SCHEDULED_AMOUNT_TOTAL,float64,0,0.0,230619,-0.019059118966856185,0.019059118966856185,Keep,Retain for cross-validated model-based feature selection
CNT_CHILDREN,int64,0,0.0,15,0.01885393328764945,0.01885393328764945,Keep,Retain for cross-validated model-based feature selection
PREV_CREDIT_APPLICATION_DIFFERENCE_MEAN,float64,0,0.0,128847,0.018794804422471247,0.018794804422471247,Keep,Retain for cross-validated model-based feature selection
BUREAU_MAX_DELINQUENCY_LEVEL,float32,0,0.0,6,0.01870568271987143,0.01870568271987143,Keep,Retain for cross-validated model-based feature selection
INST_PAYMENT_DIFFERENCE_TOTAL,float64,0,0.0,23625,0.01870488588117869,0.01870488588117869,Keep,Retain for cross-validated model-based feature selection
POS_RECORD_MISSING_RATE_MEAN,float64,0,0.0,628,0.01839932535567683,0.01839932535567683,Keep,Retain for cross-validated model-based feature selection
INST_MISSING_PAYMENT_COUNT,float64,0,0.0,25,0.018394389296069954,0.018394389296069954,Keep,Retain for cross-validated model-based feature selection
AMT_REQ_CREDIT_BUREAU_YEAR,float64,33196,0.13493870118044943,25,0.018393242167652552,0.018393242167652552,Keep,Retain for cross-validated model-based feature selection
PREV_CONTRACT_TYPE_RATE_CASH_LOANS,float64,0,0.0,378,0.018156710223247642,0.018156710223247642,Keep,Retain for cross-validated model-based feature selection
PREV_HISTORY_AVAILABLE,int8,0,0.0,2,0.01794374739470141,0.01794374739470141,Keep,Retain for cross-validated model-based feature selection
PREV_APPROVED_TERM_MEAN,float64,815,0.0033129003934831386,1262,0.017794749921665617,0.017794749921665617,Keep,Retain for cross-validated model-based feature selection
INST_PAYMENT_ENTRY_COUNT,float64,0,0.0,317,-0.017756590555718325,0.017756590555718325,Keep,Retain for cross-validated model-based feature selection
CC_DRAWING_TOTAL,float64,0,0.0,32778,0.01768672876620891,0.01768672876620891,Keep,Retain for cross-validated model-based feature selection
BUREAU_MONTH_RECORD_COUNT,float64,0,0.0,1066,-0.017615740002891792,0.017615740002891792,Keep,Retain for cross-validated model-based feature selection
INST_PAYMENT_DIFFERENCE_MEAN,float64,7,2.845435920783064e-05,30609,0.017608170278272696,0.017608170278272696,Keep,Retain for cross-validated model-based feature selection
INST_HISTORY_AVAILABLE,int8,0,0.0,2,0.01736765506058535,0.01736765506058535,Keep,Retain for cross-validated model-based feature selection
CC_RECENT_12M_PAYMENT_TOTAL,float64,0,0.0,27917,0.017252870791899907,0.017252870791899907,Keep,Retain for cross-validated model-based feature selection
APP_DOCUMENT_COUNT,int64,0,0.0,3,0.01709524699317047,0.01709524699317047,Keep,Retain for cross-validated model-based feature selection
BUREAU_CREDIT_SUM_TOTAL,float64,0,0.0,167244,-0.01688262488976895,0.01688262488976895,Keep,Retain for cross-validated model-based feature selection
CC_NEGATIVE_RECEIVABLE_COUNT,float64,0,0.0,10,-0.016730027012522034,0.016730027012522034,Keep,Retain for cross-validated model-based feature selection
CC_OLDEST_MONTH,float64,0,0.0,97,0.016502511018622996,0.016502511018622996,Keep,Retain for cross-validated model-based feature selection
PREV_APPLICATION_AMOUNT_MEAN,float64,0,0.0,158898,-0.016478909552146422,0.016478909552146422,Keep,Retain for cross-validated model-based feature selection
CC_MONTH_COUNT,float64,0,0.0,126,-0.01639402251464038,0.01639402251464038,Keep,Retain for cross-validated model-based feature selection
BUREAU_RECORD_MISSING_RATE_MEAN,float64,0,0.0,655,0.016191289303038623,0.016191289303038623,Keep,Retain for cross-validated model-based feature selection
INST_DAYS_EARLY_MAX,float64,7,2.845435920783064e-05,395,-0.01605517653192277,0.01605517653192277,Keep,Retain for cross-validated model-based feature selection
POS_TOTAL_INSTALLMENTS_MAX,float64,0,0.0,60,0.015174740739494975,0.015174740739494975,Keep,Retain for cross-validated model-based feature selection
APP_BUSINESS_HOURS_APPLICATION,int8,0,0.0,2,-0.01491877539250489,0.01491877539250489,Keep,Retain for cross-validated model-based feature selection
INST_MISSING_PAYMENT_RATE,float64,0,0.0,289,0.014248438552504952,0.014248438552504952,Keep,Retain for cross-validated model-based feature selection
INST_RECORD_MISSING_RATE_MEAN,float64,0,0.0,314,0.014248438552504693,0.014248438552504693,Keep,Retain for cross-validated model-based feature selection
PREV_CANCELED_RATE,float64,0,0.0,336,0.014200381531591704,0.014200381531591704,Keep,Retain for cross-validated model-based feature selection
INST_UNDERPAID_RATE,float32,7,2.845435920783064e-05,221,0.013933369517794012,0.013933369517794012,Keep,Retain for cross-validated model-based feature selection
CC_ACTIVE_MONTH_RATE,float64,0,0.0,941,0.013690926928704359,0.013690926928704359,Keep,Retain for cross-validated model-based feature selection
POS_HISTORY_AVAILABLE,int8,0,0.0,2,0.01339991600021978,0.01339991600021978,Keep,Retain for cross-validated model-based feature selection
PREV_ANNUITY_CREDIT_RATIO_MEAN,float64,335,0.0013617443335176092,222448,-0.01332547090138786,0.01332547090138786,Keep,Retain for cross-validated model-based feature selection
AMT_ANNUITY,float64,10,4.06490845826152e-05,13075,-0.013321286631835384,0.013321286631835384,Keep,Retain for cross-validated model-based feature selection
BUREAU_DELINQUENT_MONTH_COUNT,float64,0,0.0,150,0.013180617672108095,0.013180617672108095,Keep,Retain for cross-validated model-based feature selection
AMT_REQ_CREDIT_BUREAU_MON,float64,33196,0.13493870118044943,24,-0.012809417703247894,0.012809417703247894,Keep,Retain for cross-validated model-based feature selection
PREV_DAYS_DECISION_MAX,float64,0,0.0,2922,0.012765108864419658,0.012765108864419658,Keep,Retain for cross-validated model-based feature selection
CC_ACCOUNT_COUNT,float64,0,0.0,5,0.012560278820144929,0.012560278820144929,Keep,Retain for cross-validated model-based feature selection
PREV_YIELD_GROUP_RATE_MIDDLE,float64,0,0.0,316,-0.012490617747004865,0.012490617747004865,Keep,Retain for cross-validated model-based feature selection
APP_ANNUITY_INCOME_RATIO,float64,10,4.06490845826152e-05,77941,0.012469138828726389,0.012469138828726389,Keep,Retain for cross-validated model-based feature selection
CC_HISTORY_AVAILABLE,int8,0,0.0,2,0.012315439402111075,0.012315439402111075,Keep,Retain for cross-validated model-based feature selection
POS_LATEST_TOTAL_INSTALLMENTS,float64,0,0.0,1244,0.012204041283233125,0.012204041283233125,Keep,Retain for cross-validated model-based feature selection
BUREAU_LIMIT_TOTAL,float64,0,0.0,29994,-0.012032236781891942,0.012032236781891942,Keep,Retain for cross-validated model-based feature selection
POS_COMPLETION_RATIO_MEAN,float64,0,0.0,66065,-0.0117542098042471,0.0117542098042471,Keep,Retain for cross-validated model-based feature selection
FLAG_DOCUMENT_16,int64,0,0.0,2,-0.011610851210276066,0.011610851210276066,Keep,Retain for cross-validated model-based feature selection
FLAG_DOCUMENT_13,int64,0,0.0,2,-0.011553179029873266,0.011553179029873266,Keep,Retain for cross-validated model-based feature selection
POS_DELINQUENT_MONTH_COUNT,float64,0,0.0,103,0.011442105355078409,0.011442105355078409,Keep,Retain for cross-validated model-based feature selection
PREV_APPROVED_ESTIMATED_INTEREST_MEAN,float64,817,0.0033210302103996617,219953,0.011137841026480837,0.011137841026480837,Keep,Retain for cross-validated model-based feature selection
PREV_CREDIT_AMOUNT_MEAN,float64,0,0.0,175052,-0.011101013675354278,0.011101013675354278,Keep,Retain for cross-validated model-based feature selection
INST_PAYMENT_RATIO_MIN,float64,10,4.06490845826152e-05,1978,0.011023424999836473,0.011023424999836473,Keep,Retain for cross-validated model-based feature selection
POS_SCHEDULE_AVAILABLE_RATE,float64,0,0.0,616,0.01101487738621782,0.01101487738621782,Keep,Retain for cross-validated model-based feature selection
POS_ACTIVE_MONTH_RATE,float64,0,0.0,32681,0.010893587019688365,0.010893587019688365,Keep,Retain for cross-validated model-based feature selection
PREV_GOODS_PRICE_MEAN,float64,797,0.0032397320412344316,154413,-0.010854021229263986,0.010854021229263986,Keep,Retain for cross-validated model-based feature selection
APP_RECENT_ENQUIRY_TOTAL,float64,33196,0.13493870118044943,27,-0.010849975342805468,0.010849975342805468,Keep,Retain for cross-validated model-based feature selection
POS_SCHEDULE_MISSING_COUNT,float64,0,0.0,26,0.010800316601345459,0.010800316601345459,Keep,Retain for cross-validated model-based feature selection
BUREAU_ACCOUNT_COUNT,float64,0,0.0,61,-0.010643029596318845,0.010643029596318845,Keep,Retain for cross-validated model-based feature selection
PREV_CONTRACT_TYPE_RATE_XNA,float64,0,0.0,38,0.010578205962447787,0.010578205962447787,Keep,Retain for cross-validated model-based feature selection
POS_RECENT_12M_COUNT,float64,0,0.0,51,-0.010575085878690969,0.010575085878690969,Keep,Retain for cross-validated model-based feature selection
PREV_WEEKEND_APPLICATION_RATE,float64,0,0.0,332,-0.010357394819116796,0.010357394819116796,Keep,Retain for cross-validated model-based feature selection
APP_REGISTRATION_AGE_RATIO,float64,0,0.0,243757,-0.010209809116621655,0.010209809116621655,Keep,Retain for cross-validated model-based feature selection
YEARS_BEGINEXPLUATATION_MEDI,float64,120124,0.4882930636402068,239,-0.009966191889583653,0.009966191889583653,Keep,Retain for cross-validated model-based feature selection
POS_DPD_DEF_MAX,float64,0,0.0,189,0.00971904338762224,0.00971904338762224,Keep,Retain for cross-validated model-based feature selection
APP_ID_AGE_RATIO,float64,0,0.0,238029,-0.009612972784421416,0.009612972784421416,Keep,Retain for cross-validated model-based feature selection
YEARS_BEGINEXPLUATATION_AVG,float64,120124,0.4882930636402068,272,-0.00950361319931086,0.00950361319931086,Keep,Retain for cross-validated model-based feature selection
PREV_GOODS_CREDIT_RATIO_MEAN,float64,801,0.0032559916750674774,197824,-0.009309149422947997,0.009309149422947997,Keep,Retain for cross-validated model-based feature selection
OBS_30_CNT_SOCIAL_CIRCLE,float64,798,0.0032437969496926927,33,0.009158071762484437,0.009158071762484437,Keep,Retain for cross-validated model-based feature selection
APP_SOCIAL_OBS_TOTAL,float64,798,0.0032437969496926927,60,0.009101355210578782,0.009101355210578782,Keep,Retain for cross-validated model-based feature selection
OBS_60_CNT_SOCIAL_CIRCLE,float64,798,0.0032437969496926927,33,0.009037279029557152,0.009037279029557152,Keep,Retain for cross-validated model-based feature selection
APP_CREDIT_ENQUIRY_TOTAL,float64,33196,0.13493870118044943,30,0.009006228146121098,0.009006228146121098,Keep,Retain for cross-validated model-based feature selection
APP_CREDIT_INCOME_RATIO,float64,0,0.0,42688,-0.008965811060777323,0.008965811060777323,Keep,Retain for cross-validated model-based feature selection
CNT_FAM_MEMBERS,float64,1,4.0649084582615195e-06,17,0.0089305577620747,0.0089305577620747,Keep,Retain for cross-validated model-based feature selection
BUREAU_OVERDUE_TOTAL,float64,0,0.0,1027,0.008879002649209732,0.008879002649209732,Keep,Retain for cross-validated model-based feature selection
PREV_APPLICATION_AMOUNT_MAX,float64,0,0.0,42600,-0.008703638813637386,0.008703638813637386,Keep,Retain for cross-validated model-based feature selection
BUREAU_OVERDUE_CREDIT_RATIO_MAX,float64,871,0.003540535267145784,2211,0.008702785425535877,0.008702785425535877,Keep,Retain for cross-validated model-based feature selection
FLAG_DOCUMENT_14,int64,0,0.0,2,-0.008632051385249617,0.008632051385249617,Keep,Retain for cross-validated model-based feature selection
CC_RECENT_12M_COUNT,float64,0,0.0,27,0.00849840195572902,0.00849840195572902,Keep,Retain for cross-validated model-based feature selection
YEARS_BEGINEXPLUATATION_MODE,float64,120124,0.4882930636402068,215,-0.008295356018065749,0.008295356018065749,Keep,Retain for cross-validated model-based feature selection
FLAG_DOCUMENT_8,int64,0,0.0,2,-0.008192090684646373,0.008192090684646373,Keep,Retain for cross-validated model-based feature selection
PREV_ESTIMATED_TOTAL_PAYMENT_MEAN,float64,335,0.0013617443335176092,223250,0.008018869069572663,0.008018869069572663,Keep,Retain for cross-validated model-based feature selection
FLAG_DOCUMENT_18,int64,0,0.0,2,-0.007868905995111542,0.007868905995111542,Keep,Retain for cross-validated model-based feature selection
INST_DAYS_LATE_MEAN,float64,7,2.845435920783064e-05,19987,0.00780690297033459,0.00780690297033459,Keep,Retain for cross-validated model-based feature selection
REG_REGION_NOT_WORK_REGION,int64,0,0.0,2,0.007704729959523243,0.007704729959523243,Keep,Retain for cross-validated model-based feature selection
BUREAU_OVERDUE_MAX,float64,0,0.0,1016,0.006770762983796022,0.006770762983796022,Keep,Retain for cross-validated model-based feature selection
BUREAU_DEBT_MAX,float64,5970,0.024267503495821276,116145,-0.006334599498059871,0.006334599498059871,Keep,Retain for cross-validated model-based feature selection
INST_TOTAL_PAYMENT_RATIO,float64,3,1.219472537478456e-05,31791,0.00616193302833088,0.00616193302833088,Keep,Retain for cross-validated model-based feature selection
POS_LATEST_DPD_DEF,float64,0,0.0,129,0.0061556393746198795,0.0061556393746198795,Keep,Retain for cross-validated model-based feature selection
CC_RECENT_12M_DELINQUENT_RATE,float64,0,0.0,50,0.0061438334379484635,0.0061438334379484635,Keep,Retain for cross-validated model-based feature selection
POS_RECENT_12M_DPD_MAX,float64,0,0.0,732,0.006073401424539408,0.006073401424539408,Keep,Retain for cross-validated model-based feature selection
FLAG_DOCUMENT_15,int64,0,0.0,2,-0.00603037834729434,0.00603037834729434,Keep,Retain for cross-validated model-based feature selection
POS_LATEST_IS_COMPLETED,float64,0,0.0,71,0.006005001400923552,0.006005001400923552,Keep,Retain for cross-validated model-based feature selection
CC_RECENT_12M_DELINQUENT_COUNT,float64,0,0.0,13,0.0057648766411426845,0.0057648766411426845,Keep,Retain for cross-validated model-based feature selection
CC_CREDIT_LIMIT_MEAN,float64,0,0.0,9910,0.005635786299908056,0.005635786299908056,Keep,Retain for cross-validated model-based feature selection
FLAG_DOCUMENT_9,int64,0,0.0,2,-0.00542644645301727,0.00542644645301727,Keep,Retain for cross-validated model-based feature selection
POS_LATEST_MONTH,float64,0,0.0,97,-0.00539946961969796,0.00539946961969796,Keep,Retain for cross-validated model-based feature selection
FLAG_DOCUMENT_11,int64,0,0.0,2,-0.005384966225731183,0.005384966225731183,Keep,Retain for cross-validated model-based feature selection
CC_CREDIT_LIMIT_MAX,float64,0,0.0,54,0.005248488776370285,0.005248488776370285,Keep,Retain for cross-validated model-based feature selection
POS_ACTIVE_WITH_ZERO_FUTURE_COUNT,float64,0,0.0,99,-0.004871891853563054,0.004871891853563054,Keep,Retain for cross-validated model-based feature selection
CC_LATEST_MONTH,float64,0,0.0,6,-0.004829305163599436,0.004829305163599436,Keep,Retain for cross-validated model-based feature selection
INST_DAYS_LATE_MAX,float64,7,2.845435920783064e-05,1517,0.004785329551860558,0.004785329551860558,Keep,Retain for cross-validated model-based feature selection
CC_NEGATIVE_BALANCE_COUNT,float64,0,0.0,9,-0.004741278212724413,0.004741278212724413,Keep,Retain for cross-validated model-based feature selection
INST_DAYS_LATE_SUM,float64,0,0.0,1871,0.004589885196465016,0.004589885196465016,Keep,Retain for cross-validated model-based feature selection
CC_DPD_DEF_MAX,float64,0,0.0,50,0.0045338964836898225,0.0045338964836898225,Keep,Retain for cross-validated model-based feature selection
PREV_CREDIT_AMOUNT_MAX,float64,0,0.0,52847,-0.004530104243308221,0.004530104243308221,Keep,Retain for cross-validated model-based feature selection
LIVE_REGION_NOT_WORK_REGION,int64,0,0.0,2,0.004529941042071606,0.004529941042071606,Keep,Retain for cross-validated model-based feature selection
CC_DELINQUENT_MONTH_COUNT,float64,0,0.0,90,-0.004503127547592332,0.004503127547592332,Keep,Retain for cross-validated model-based feature selection
REG_REGION_NOT_LIVE_REGION,int64,0,0.0,2,0.004446623205368,0.004446623205368,Keep,Retain for cross-validated model-based feature selection
POS_SEVERE_DELINQUENT_MONTH_COUNT,float64,0,0.0,99,0.004437513785465436,0.004437513785465436,Keep,Retain for cross-validated model-based feature selection
POS_LATEST_DPD,float64,0,0.0,818,0.0043895662455508445,0.0043895662455508445,Keep,Retain for cross-validated model-based feature selection
POS_FUTURE_ABOVE_TOTAL_COUNT,float64,0,0.0,11,-0.004348661069424324,0.004348661069424324,Keep,Retain for cross-validated model-based feature selection
APP_INCOME_PER_PERSON,float64,1,4.0649084582615195e-06,2641,-0.004311122275778548,0.004311122275778548,Keep,Retain for cross-validated model-based feature selection
POS_DPD_MAX,float64,0,0.0,1691,0.004219549320395976,0.004219549320395976,Keep,Retain for cross-validated model-based feature selection
BUREAU_CREDIT_TYPE_RATE_UNKNOWN_TYPE_OF_LOAN,float64,0,0.0,38,-0.004078579120759136,0.004078579120759136,Keep,Retain for cross-validated model-based feature selection
BUREAU_DAYS_OVERDUE_MAX,float64,0,0.0,741,0.003944220335627461,0.003944220335627461,Keep,Retain for cross-validated model-based feature selection
BUREAU_DEBT_MEAN,float64,5970,0.024267503495821276,137593,-0.0035532658819805605,0.0035532658819805605,Keep,Retain for cross-validated model-based feature selection
BUREAU_BALANCE_HISTORY_ACCOUNT_COUNT,float64,0,0.0,54,0.0034401539136320607,0.0034401539136320607,Keep,Retain for cross-validated model-based feature selection
CC_PAYMENT_TOTAL,float64,0,0.0,42897,0.003435424817669327,0.003435424817669327,Keep,Retain for cross-validated model-based feature selection
CC_SEVERE_DELINQUENT_MONTH_COUNT,float64,0,0.0,84,-0.0031653591755405725,0.0031653591755405725,Keep,Retain for cross-validated model-based feature selection
BUREAU_CREDIT_TYPE_RATE_LOAN_FOR_BUSINESS_DEVELOPMENT,float64,0,0.0,55,-0.0030513324139308353,0.0030513324139308353,Keep,Retain for cross-validated model-based feature selection
PREV_INSURED_APPROVAL_RATE,float64,1060,0.004308802965757211,104,0.0028344487567171233,0.0028344487567171233,Keep,Retain for cross-validated model-based feature selection
CC_PAYMENT_MINIMUM_RATIO_MEAN,float64,0,0.0,46651,-0.0027181194420540433,0.0027181194420540433,Keep,Retain for cross-validated model-based feature selection
INST_PAYMENT_RATIO_MEAN,float64,10,4.06490845826152e-05,31382,0.0027001347532775695,0.0027001347532775695,Keep,Retain for cross-validated model-based feature selection
CC_DELINQUENT_MONTH_RATE,float64,0,0.0,1273,0.0026785203454118243,0.0026785203454118243,Keep,Retain for cross-validated model-based feature selection
BUREAU_CREDIT_TYPE_RATE_OTHER_RARE_CREDIT,float64,0,0.0,21,-0.002668441313325629,0.002668441313325629,Keep,Retain for cross-validated model-based feature selection
CC_MATURE_INSTALLMENT_MAX,float64,0,0.0,119,-0.0026290614620879164,0.0026290614620879164,Keep,Retain for cross-validated model-based feature selection
CC_DPD_MAX,float64,0,0.0,384,-0.002600004030068008,0.002600004030068008,Keep,Retain for cross-validated model-based feature selection
AMT_REQ_CREDIT_BUREAU_QRT,float64,33196,0.13493870118044943,11,-0.0025840066933562615,0.0025840066933562615,Keep,Retain for cross-validated model-based feature selection
POS_LATEST_COMPLETION_RATIO,float64,0,0.0,5421,0.0024037004369579337,0.0024037004369579337,Keep,Retain for cross-validated model-based feature selection
AMT_REQ_CREDIT_BUREAU_DAY,float64,33196,0.13493870118044943,9,0.0023873227409289166,0.0023873227409289166,Keep,Retain for cross-validated model-based feature selection
POS_COMPLETION_RATIO_MAX,float64,0,0.0,241,0.0021649586331645727,0.0021649586331645727,Keep,Retain for cross-validated model-based feature selection
APP_WEEKEND_APPLICATION,int8,0,0.0,2,-0.002106763680491247,0.002106763680491247,Keep,Retain for cross-validated model-based feature selection
BUREAU_DEBT_CREDIT_RATIO_MEAN,float64,6979,0.028368996130207148,144079,0.0020890081829586494,0.0020890081829586494,Keep,Retain for cross-validated model-based feature selection
POS_LATEST_IS_ACTIVE,float64,0,0.0,71,0.0020567518682929535,0.0020567518682929535,Keep,Retain for cross-validated model-based feature selection
BUREAU_DEBT_TOTAL,float64,0,0.0,127734,0.0018290307668189624,0.0018290307668189624,Keep,Retain for cross-validated model-based feature selection
BUREAU_OVERDUE_INCONSISTENCY_COUNT,float64,0,0.0,3,0.0017903756743684173,0.0017903756743684173,Keep,Retain for cross-validated model-based feature selection
AMT_INCOME_TOTAL,float64,0,0.0,2171,-0.0017103720804606901,0.0017103720804606901,Keep,Retain for cross-validated model-based feature selection
CC_PAYMENT_BALANCE_RATIO_MEAN,float64,0,0.0,46461,0.0016251972507288243,0.0016251972507288243,Keep,Retain for cross-validated model-based feature selection
BUREAU_BALANCE_HISTORY_ACCOUNT_RATE,float64,0,0.0,45,0.0015500943187589178,0.0015500943187589178,Keep,Retain for cross-validated model-based feature selection
PREV_UNUSED_OFFER_COUNT,float64,0,0.0,10,0.0014428354834691392,0.0014428354834691392,Keep,Retain for cross-validated model-based feature selection
CC_POS_DRAWING_TOTAL,float64,0,0.0,25507,0.0014330246623501187,0.0014330246623501187,Keep,Retain for cross-validated model-based feature selection
AMT_REQ_CREDIT_BUREAU_HOUR,float64,33196,0.13493870118044943,5,0.0013542812765993501,0.0013542812765993501,Keep,Retain for cross-validated model-based feature selection
FLAG_EMAIL,int64,0,0.0,2,-0.0012396287257742944,0.0012396287257742944,Keep,Retain for cross-validated model-based feature selection
BUREAU_CREDIT_TYPE_RATE_LOAN_FOR_WORKING_CAPITAL_REPLENISHMENT,float64,0,0.0,38,0.0012291654637253627,0.0012291654637253627,Keep,Retain for cross-validated model-based feature selection
PREV_CLIENT_TYPE_RATE_REPEATER,float64,0,0.0,212,0.0011916614588231011,0.0011916614588231011,Keep,Retain for cross-validated model-based feature selection
CC_BALANCE_WITHOUT_LIMIT_COUNT,float64,0,0.0,52,-0.0011708585296286672,0.0011708585296286672,Keep,Retain for cross-validated model-based feature selection
BUREAU_CREDIT_TYPE_RATE_ANOTHER_TYPE_OF_LOAN,float64,0,0.0,37,-0.0011335039499302086,0.0011335039499302086,Keep,Retain for cross-validated model-based feature selection
CC_RECENT_12M_DPD_MAX,float64,0,0.0,297,-0.0010766647746618652,0.0010766647746618652,Keep,Retain for cross-validated model-based feature selection
BUREAU_PROLONG_TOTAL,float64,0,0.0,10,0.001040002590565185,0.001040002590565185,Keep,Retain for cross-validated model-based feature selection
BUREAU_UNKNOWN_STATUS_RATE_MEAN,float64,0,0.0,34174,0.0010384269448650452,0.0010384269448650452,Keep,Retain for cross-validated model-based feature selection
PREV_CLIENT_TYPE_RATE_XNA,float64,0,0.0,74,0.0009320239529116493,0.0009320239529116493,Keep,Retain for cross-validated model-based feature selection
INST_RECENT_12M_PAYMENT_RATIO_MEAN,float64,59471,0.24174417092127085,18379,-0.0009303775663375703,0.0009303775663375703,Keep,Retain for cross-validated model-based feature selection
FLAG_DOCUMENT_5,int64,0,0.0,2,-0.0009083123493445019,0.0009083123493445019,Keep,Retain for cross-validated model-based feature selection
POS_COMPLETED_WITH_REMAINING_COUNT,float64,0,0.0,2,-0.0008449585298260638,0.0008449585298260638,Keep,Retain for cross-validated model-based feature selection
AMT_REQ_CREDIT_BUREAU_WEEK,float64,33196,0.13493870118044943,9,-0.000818869697301212,0.000818869697301212,Keep,Retain for cross-validated model-based feature selection
PREV_APPROVED_DAYS_DECISION_MAX,float64,815,0.0033129003934831386,2922,0.0007762953981171014,0.0007762953981171014,Keep,Retain for cross-validated model-based feature selection
INST_ZERO_PAYMENT_COUNT,float64,0,0.0,2,-0.00059747469191278,0.00059747469191278,Keep,Retain for cross-validated model-based feature selection
POS_COMPLETED_MONTH_RATE,float64,0,0.0,29050,-0.00035993210915280445,0.00035993210915280445,Keep,Retain for cross-validated model-based feature selection
BUREAU_TOTAL_OVERDUE_DEBT_RATIO,float64,61626,0.2505040486488244,2412,0.00035757913852476264,0.00035757913852476264,Keep,Retain for cross-validated model-based feature selection
FLAG_CONT_MOBILE,int64,0,0.0,2,-0.00013048905504071454,0.00013048905504071454,Keep,Retain for cross-validated model-based feature selection
BUREAU_DEBT_CREDIT_RATIO_MAX,float64,6979,0.028368996130207148,122597,8.469621986913107e-05,8.469621986913107e-05,Keep,Retain for cross-validated model-based feature selection
NAME_CONTRACT_TYPE,str,0,0.0,2,,,Keep,Retain for cross-validated model-based feature selection
CODE_GENDER,str,0,0.0,3,,,Keep,Retain for cross-validated model-based feature selection
FLAG_OWN_CAR,str,0,0.0,2,,,Keep,Retain for cross-validated model-based feature selection
FLAG_OWN_REALTY,str,0,0.0,2,,,Keep,Retain for cross-validated model-based feature selection
NAME_TYPE_SUITE,str,0,0.0,8,,,Keep,Retain for cross-validated model-based feature selection
NAME_INCOME_TYPE,str,0,0.0,8,,,Keep,Retain for cross-validated model-based feature selection
NAME_EDUCATION_TYPE,str,0,0.0,5,,,Keep,Retain for cross-validated model-based feature selection
NAME_FAMILY_STATUS,str,0,0.0,6,,,Keep,Retain for cross-validated model-based feature selection
NAME_HOUSING_TYPE,str,0,0.0,6,,,Keep,Retain for cross-validated model-based feature selection
OCCUPATION_TYPE,str,0,0.0,19,,,Keep,Retain for cross-validated model-based feature selection
WEEKDAY_APPR_PROCESS_START,str,0,0.0,7,,,Keep,Retain for cross-validated model-based feature selection
ORGANIZATION_TYPE,str,0,0.0,58,,,Keep,Retain for cross-validated model-based feature selection
EMERGENCYSTATE_MODE,str,0,0.0,3,,,Keep,Retain for cross-validated model-based feature selection
